Workbook

Sheet Gantt Chart
A1: AI-Lingo | Project Gantt Chart
A2: Project period: 08 Oct 2026 – 04 Dec 2026 | Team size: 5 Flutter developers
A3: Planning draft: adjust task dates and owners to match the team's final responsibilities.
A5: ID | B5: Task | C5: Workstream | D5: Start Date | E5: End Date | F5: Duration (days) | G5: Timeline (daily)
A6: Calendar | G6: 46303 | H6: 46304 | I6: 46305 | J6: 46306 | K6: 46307 | L6: 46308 | M6: 46309 | N6: 46310 | O6: 46311 | P6: 46312 | Q6: 46313 | R6: 46314 | S6: 46315 | T6: 46316 | U6: 46317 | V6: 46318 | W6: 46319 | X6: 46320 | Y6: 46321 | Z6: 46322 | AA6: 46323 | AB6: 46324 | AC6: 46325 | AD6: 46326 | AE6: 46327 | AF6: 46328 | AG6: 46329 | AH6: 46330 | AI6: 46331 | AJ6: 46332 | AK6: 46333 | AL6: 46334 | AM6: 46335 | AN6: 46336 | AO6: 46337 | AP6: 46338 | AQ6: 46339 | AR6: 46340 | AS6: 46341 | AT6: 46342 | AU6: 46343 | AV6: 46344 | AW6: 46345 | AX6: 46346 | AY6: 46347 | AZ6: 46348 | BA6: 46349 | BB6: 46350 | BC6: 46351 | BD6: 46352 | BE6: 46353 | BF6: 46354 | BG6: 46355 | BH6: 46356 | BI6: 46357 | BJ6: 46358 | BK6: 46359 | BL6: 46360
A7: 1 | B7: Project Proposal & Requirements | C7: Project Management | D7: ='Task Details'!D5 -> 46303 | E7: ='Task Details'!E5 -> 46308 | F7: ='Task Details'!F5 -> 6
A8: 2 | B8: Literature Review & Research | C8: Research | D8: ='Task Details'!D6 -> 46305 | E8: ='Task Details'!E6 -> 46311 | F8: ='Task Details'!F6 -> 7
A9: 3 | B9: Project Planning | C9: Project Management | D9: ='Task Details'!D7 -> 46307 | E9: ='Task Details'!E7 -> 46311 | F9: ='Task Details'!F7 -> 5
A10: 4 | B10: UI/UX Design | C10: Design | D10: ='Task Details'!D8 -> 46309 | E10: ='Task Details'!E8 -> 46317 | F10: ='Task Details'!F8 -> 9
A11: 5 | B11: System Architecture & Database Design | C11: Architecture | D11: ='Task Details'!D9 -> 46312 | E11: ='Task Details'!E9 -> 46319 | F11: ='Task Details'!F9 -> 8
A12: 6 | B12: Flutter Project Setup | C12: Flutter | D12: ='Task Details'!D10 -> 46315 | E12: ='Task Details'!E10 -> 46319 | F12: ='Task Details'!F10 -> 5
A13: 7 | B13: Core UI Development | C13: Flutter | D13: ='Task Details'!D11 -> 46318 | E13: ='Task Details'!E11 -> 46330 | F13: ='Task Details'!F11 -> 13
A14: 8 | B14: Authentication & User Profile | C14: Flutter | D14: ='Task Details'!D12 -> 46324 | E14: ='Task Details'!E12 -> 46333 | F14: ='Task Details'!F12 -> 10
A15: 9 | B15: AI Conversation Feature | C15: AI Integration | D15: ='Task Details'!D13 -> 46328 | E15: ='Task Details'!E13 -> 46338 | F15: ='Task Details'!F13 -> 11
A16: 10 | B16: Learning & Progress Tracking | C16: Flutter | D16: ='Task Details'!D14 -> 46332 | E16: ='Task Details'!E14 -> 46341 | F16: ='Task Details'!F14 -> 10
A17: 11 | B17: Backend & Data Integration | C17: Integration | D17: ='Task Details'!D15 -> 46334 | E17: ='Task Details'!E15 -> 46344 | F17: ='Task Details'!F15 -> 11
A18: 12 | B18: Feature Integration | C18: Integration | D18: ='Task Details'!D16 -> 46342 | E18: ='Task Details'!E16 -> 46347 | F18: ='Task Details'!F16 -> 6
... A21: 15 | B21: Final Review & Submission | C21: Delivery | D21: ='Task Details'!D19 -> 46358 | E21: ='Task Details'!E19 -> 46360 | F21: ='Task Details'!F19 -> 3
A24: Legend
A25: Blue bar | B25: Flutter / AI feature work
A26: Teal bar | B26: Planning, research, integration, QA, documentation
A27: Weekend | B27: Weekend background in timeline

Sheet Task Details
A1: AI-Lingo | Task Schedule
A2: Edit the start/end dates, status, progress, and notes as the project evolves.
A4: ID | B4: Task | C4: Workstream | D4: Start Date | E4: End Date | F4: Duration (days) | G4: Status | H4: Progress | I4: Task Notes
A5: 1 | B5: Project Proposal & Requirements | C5: Project Management | D5: 46303 | E5: 46308 | F5: =E5-D5+1 -> 6 | G5: Not started | H5: 0 | I5: Define idea, problem statement, solution, objectives, scope, and requirements.
A6: 2 | B6: Literature Review & Research | C6: Research | D6: 46305 | E6: 46311 | F6: =E6-D6+1 -> 7 | G6: Not started | H6: 0 | I6: Review related English-learning and AI conversation apps; summarize findings.
A7: 3 | B7: Project Planning | C7: Project Management | D7: 46307 | E7: 46311 | F7: =E7-D7+1 -> 5 | G7: Not started | H7: 0 | I7: Confirm work breakdown, responsibilities, milestones, and schedule.
A8: 4 | B8: UI/UX Design | C8: Design | D8: 46309 | E8: 46317 | F8: =E8-D8+1 -> 9 | G8: Not started | H8: 0 | I8: Prepare user flows, wireframes, and main screen designs.
A9: 5 | B9: System Architecture & Database Design | C9: Architecture | D9: 46312 | E9: 46319 | F9: =E9-D9+1 -> 8 | G9: Not started | H9: 0 | I9: Plan app architecture, data models, and storage/API structure.
A10: 6 | B10: Flutter Project Setup | C10: Flutter | D10: 46315 | E10: 46319 | F10: =E10-D10+1 -> 5 | G10: Not started | H10: 0 | I10: Set up project structure, dependencies, navigation, and shared conventions.
A11: 7 | B11: Core UI Development | C11: Flutter | D11: 46318 | E11: 46330 | F11: =E11-D11+1 -> 13 | G11: Not started | H11: 0 | I11: Implement the main screens and reusable UI components.
A12: 8 | B12: Authentication & User Profile | C12: Flutter | D12: 46324 | E12: 46333 | F12: =E12-D12+1 -> 10 | G12: Not started | H12: 0 | I12: Implement sign-in/sign-up flow and profile screens.
A13: 9 | B13: AI Conversation Feature | C13: AI Integration | D13: 46328 | E13: 46338 | F13: =E13-D13+1 -> 11 | G13: Not started | H13: 0 | I13: Build the AI-powered English conversation experience.
A14: 10 | B14: Learning & Progress Tracking | C14: Flutter | D14: 46332 | E14: 46341 | F14: =E14-D14+1 -> 10 | G14: Not started | H14: 0 | I14: Implement learning activities and progress tracking.
A15: 11 | B15: Backend & Data Integration | C15: Integration | D15: 46334 | E15: 46344 | F15: =E15-D15+1 -> 11 | G15: Not started | H15: 0 | I15: Connect app features to required APIs/services and persist data.
A16: 12 | B16: Feature Integration | C16: Integration | D16: 46342 | E16: 46347 | F16: =E16-D16+1 -> 6 | G16: Not started | H16: 0 | I16: Integrate features and resolve cross-feature issues.
... A19: 15 | B19: Final Review & Submission | C19: Delivery | D19: 46358 | E19: 46360 | F19: =E19-D19+1 -> 3 | G19: Not started | H19: 0 | I19: Final checks, presentation preparation, and submission.

Sheet Milestones
A1: AI-Lingo | Project Milestones
A3: Milestone | B3: Target Date | C3: Success Criteria | D3: Status
A4: Proposal & initial planning complete | B4: 46311 | C4: Proposal, requirements, and project plan reviewed | D4: Completed
A5: UI/UX design complete | B5: 46317 | C5: Main user flows and screen designs approved | D5: Not started
A6: Architecture & setup complete | B6: 46319 | C6: Architecture and Flutter project foundation ready | D6: Not started
A7: Core UI complete | B7: 46330 | C7: Main screens and reusable components implemented | D7: Not started
A8: AI conversation feature ready | B8: 46338 | C8: Conversation flow works in the app | D8: Not started
A9: Features integrated | B9: 46347 | C9: Core features connected and usable together | D9: Not started
A10: Testing complete | B10: 46354 | C10: Major bugs resolved and key flows tested | D10: Not started
A11: Final submission | B11: 46360 | C11: Final report and deliverables submitted | D11: Not started

Sheet Deliverables
A1: ID | B1: Deliverable | C1: Description | D1: Due Date | E1: Responsible | F1: Status
A2: D1 | B2: Project Proposal | C2: Project idea, problem, solution, objectives and scope | D2: 46308 | E2: All Members | F2: Done
A3: D2 | B3: Requirements Document | C3: Functional and non-functional requirements | D3: 46308 | E3: Yahia Yasser | F3: Done
A4: D3 | B4: UI/UX Design | C4: Figma screens and user flows | D4: 46317 | E4: All Members | F4: Not started
A5: D4 | B5: Flutter Application | C5: Main application screens and features | D5: 46347 | E5: All Members | F5: Not started
A6: D5 | B6: AI Integration | C6: AI conversation functionality | D6: 46347 | E6: Tasneem Elsayed | F6: Not started
A7: D7 | B7: Testing Report | C7: Test cases and testing results | D7: 46354 | E7: Nour Shaaban | F7: Not started
A8: D8 | B8: Final Presentation | C8: Presentation and demo preparation | D8: 46359 | E8: All Members | F8: Not started

Sheet Resource Allocation
A1: Member | B1: Role | C1: Responsibilities | D1: Assigned Tasks
A2: Tasneem Elsayed Raneem A.shawky Toqa Shamaa Nour Shaaban Yahia Yasser | B2: Project Manager | C2: Planning and progress tracking | D2: Proposal, Planning, Documentation
A3: Tasneem Elsayed Raneem A.shawky Toqa Shamaa Nour Shaaban Yahia Yasser | B3: UI/UX Designer Flutter Developer | C3: UI design & App development and state management | D3: UI/UX , Core UI, Authentication
A4: Tasneem Elsayed | B4: AI Engineer | C4: AI model/API integration | D4: AI Conversation
A5: Nour Shaaban Toqa Shamaa | B5: Backend & Testing | C5: Data integration and testing | D5: Backend, Testing
A8: Resource | B8: Purpose
A9: Flutter & Dart | B9: Mobile application development
A10: Figma | B10: UI/UX design
A11: GitHub | B11: Version control and collaboration
A12: Database / Backend | B12: Data storage and integration
A13: AI API / Model | B13: AI conversation feature
A14: Testing Devices | B14: Application testing
